name,asked_to_start_date
R-K0-16-1,2024-06-23T03:07:23
R-K0-16-2,2024-06-23T03:07:24
R-K0-16-3,2024-06-23T03:07:24
R-K0-16-4,2024-06-23T03:07:25
R-K0-16-5,2024-06-23T03:07:25
R-K0-16-6,2024-06-23T03:07:26
R-K0-16-7,2024-06-23T03:07:26
R-K0-16-8,2024-06-23T03:07:27
R-K0-16-9,2024-06-23T03:07:27
R-K0-16-10,2024-06-23T03:07:28
R-K0-16-11,2024-06-23T03:07:29
R-K0-16-12,2024-06-23T03:07:29
R-K0-16-13,2024-06-23T03:07:30
R-K0-16-14,2024-06-23T03:07:30
R-K0-16-15,2024-06-23T03:07:31
R-K0-16-16,2024-06-23T03:07:31
